{
  "logEnabled": false,
  "loglevel": "warning",
  "index": 0,
  "muxEnabled": true,
  "sysProxyType": 1,
  "allowLANConn": false,
  "enableStatistics": true,
  "keepOlderDedupl": false,
  "statisticsFreshRate": 2000,
  "remoteDNS": "8.8.8.8,1.1.1.1",
  "defAllowInsecure": true,
  "domainStrategy": "IPIfNonMatch",
  "domainMatcher": "linear",
  "routingIndex": 0,
  "enableRoutingAdvanced": true,
  "coreType": 0,
  "ignoreGeoUpdateCore": false,
  "systemProxyExceptions": "",
  "autoUpdateInterval": 0,
  "enableSecurityProtocolTls13": false,
  "inbound": [
    {
      "localPort": 10808,
      "protocol": "socks",
      "udpEnabled": true,
      "sniffingEnabled": true
    }
  ],
  "vmess": [
    {
      "indexId": "5289687315924482959",
      "configVersion": 2,
      "address": "108.174.58.102",
      "port": 51468,
      "id": "5c09c77e-dacd-4788-e329-aa7da60801c2",
      "alterId": 0,
      "security": "none",
      "network": "ws",
      "remarks": "vless|Cns8.love@xray.com",
      "headerType": "",
      "requestHost": "",
      "path": "/5c09c77e",
      "streamSecurity": "none",
      "allowInsecure": "True",
      "configType": 5,
      "testResult": "   228ms",
      "subid": "",
      "flow": "",
      "sni": "",
      "alpn": []
    },
    {
      "indexId": "4826430782626519798",
      "configVersion": 2,
      "address": "sg.lianjianode.cc",
      "port": 21020,
      "id": "3e9ba404-ddee-495c-b465-944b9f0b104a",
      "alterId": 0,
      "security": "auto",
      "network": "ws",
      "remarks": "🇸🇬新加坡 01-中转-clone",
      "headerType": "none",
      "requestHost": "sg1.luodi.xyz",
      "path": "/singapore",
      "streamSecurity": "",
      "allowInsecure": "True",
      "configType": 1,
      "testResult": "",
      "subid": "",
      "flow": "",
      "sni": "",
      "alpn": null
    },
    {
      "indexId": "4909944819495812513",
      "configVersion": 2,
      "address": "36.158.206.139",
      "port": 25000,
      "id": "3e9ba404-ddee-495c-b465-944b9f0b104a",
      "alterId": 0,
      "security": "aes-128-gcm",
      "network": "",
      "remarks": "剩余流量：987.2 GB",
      "headerType": "",
      "requestHost": "",
      "path": "",
      "streamSecurity": "",
      "allowInsecure": "True",
      "configType": 3,
      "testResult": "",
      "subid": "5194518840089628397",
      "flow": "",
      "sni": null,
      "alpn": null
    },
    {
      "indexId": "5160520375057141237",
      "configVersion": 2,
      "address": "36.158.206.139",
      "port": 25000,
      "id": "3e9ba404-ddee-495c-b465-944b9f0b104a",
      "alterId": 0,
      "security": "aes-128-gcm",
      "network": "",
      "remarks": "距离下次重置剩余：26 天",
      "headerType": "",
      "requestHost": "",
      "path": "",
      "streamSecurity": "",
      "allowInsecure": "True",
      "configType": 3,
      "testResult": "",
      "subid": "5194518840089628397",
      "flow": "",
      "sni": null,
      "alpn": null
    },
    {
      "indexId": "5463341232387268610",
      "configVersion": 2,
      "address": "36.158.206.139",
      "port": 25000,
      "id": "3e9ba404-ddee-495c-b465-944b9f0b104a",
      "alterId": 0,
      "security": "aes-128-gcm",
      "network": "",
      "remarks": "套餐到期：2025-01-08",
      "headerType": "",
      "requestHost": "",
      "path": "",
      "streamSecurity": "",
      "allowInsecure": "True",
      "configType": 3,
      "testResult": "",
      "subid": "5194518840089628397",
      "flow": "",
      "sni": null,
      "alpn": null
    },
    {
      "indexId": "4798794831617062965",
      "configVersion": 2,
      "address": "36.158.206.139",
      "port": 25000,
      "id": "3e9ba404-ddee-495c-b465-944b9f0b104a",
      "alterId": 0,
      "security": "aes-128-gcm",
      "network": "",
      "remarks": "🇭🇰 香港宇宙量子专线",
      "headerType": "",
      "requestHost": "",
      "path": "",
      "streamSecurity": "",
      "allowInsecure": "True",
      "configType": 3,
      "testResult": "",
      "subid": "5194518840089628397",
      "flow": "",
      "sni": null,
      "alpn": null
    },
    {
      "indexId": "4758206110924187815",
      "configVersion": 2,
      "address": "cf23387d4f6318d86093a378464efb3c.node.tro.node-is.green",
      "port": 49083,
      "id": "3e9ba404-ddee-495c-b465-944b9f0b104a",
      "alterId": 0,
      "security": "",
      "network": "tcp",
      "remarks": "🇭🇰 香港BGP 三网直连1x",
      "headerType": "none",
      "requestHost": "",
      "path": "",
      "streamSecurity": "tls",
      "allowInsecure": "True",
      "configType": 6,
      "testResult": "",
      "subid": "5194518840089628397",
      "flow": "",
      "sni": "live.douyin.com",
      "alpn": []
    },
    {
      "indexId": "4869537926698551112",
      "configVersion": 2,
      "address": "5a7e6af14d51bacb6044223b8d23c116.node.tro.node-is.green",
      "port": 40188,
      "id": "3e9ba404-ddee-495c-b465-944b9f0b104a",
      "alterId": 0,
      "security": "",
      "network": "tcp",
      "remarks": "🇺🇸 美国BGP 中转 01 1.5x",
      "headerType": "none",
      "requestHost": "",
      "path": "",
      "streamSecurity": "tls",
      "allowInsecure": "True",
      "configType": 6,
      "testResult": "",
      "subid": "5194518840089628397",
      "flow": "",
      "sni": "api.ucloud.cn",
      "alpn": []
    },
    {
      "indexId": "5417981671509040492",
      "configVersion": 2,
      "address": "53cd06cb9cf5cbfd90940042ffeee6f5.node.tro.node-is.green",
      "port": 47823,
      "id": "3e9ba404-ddee-495c-b465-944b9f0b104a",
      "alterId": 0,
      "security": "",
      "network": "tcp",
      "remarks": "🇺🇸 美国BGP 中转 02 1.5x",
      "headerType": "none",
      "requestHost": "",
      "path": "",
      "streamSecurity": "tls",
      "allowInsecure": "True",
      "configType": 6,
      "testResult": "",
      "subid": "5194518840089628397",
      "flow": "",
      "sni": "api.ucloud.cn",
      "alpn": []
    },
    {
      "indexId": "4727871006438766678",
      "configVersion": 2,
      "address": "000011bc79f76f07c7822d18c7252190.node.tro.node-is.green",
      "port": 48444,
      "id": "3e9ba404-ddee-495c-b465-944b9f0b104a",
      "alterId": 0,
      "security": "",
      "network": "tcp",
      "remarks": "🇺🇸 美国BGP 中转 03 1.5x",
      "headerType": "none",
      "requestHost": "",
      "path": "",
      "streamSecurity": "tls",
      "allowInsecure": "True",
      "configType": 6,
      "testResult": "",
      "subid": "5194518840089628397",
      "flow": "",
      "sni": "api.ucloud.cn",
      "alpn": []
    },
    {
      "indexId": "5499069636551985443",
      "configVersion": 2,
      "address": "02c52e0fb5be3194cb85deec0bead4fa.node.tro.node-is.green",
      "port": 40750,
      "id": "3e9ba404-ddee-495c-b465-944b9f0b104a",
      "alterId": 0,
      "security": "",
      "network": "tcp",
      "remarks": "🇺🇸 美国BGP 中转 04 1.5x",
      "headerType": "none",
      "requestHost": "",
      "path": "",
      "streamSecurity": "tls",
      "allowInsecure": "True",
      "configType": 6,
      "testResult": "",
      "subid": "5194518840089628397",
      "flow": "",
      "sni": "api.ucloud.cn",
      "alpn": []
    },
    {
      "indexId": "4943074138981396640",
      "configVersion": 2,
      "address": "1d01f46ba9dc41d63f15fc6695401840.node.tro.node-is.green",
      "port": 44652,
      "id": "3e9ba404-ddee-495c-b465-944b9f0b104a",
      "alterId": 0,
      "security": "",
      "network": "tcp",
      "remarks": "🇨🇳 台湾BGP 中转 01 1.5x",
      "headerType": "none",
      "requestHost": "",
      "path": "",
      "streamSecurity": "tls",
      "allowInsecure": "True",
      "configType": 6,
      "testResult": "",
      "subid": "5194518840089628397",
      "flow": "",
      "sni": "www-s.ucloud.cn",
      "alpn": []
    },
    {
      "indexId": "5350206929093129204",
      "configVersion": 2,
      "address": "7b77dfee3cd238ae6a0e89fbf289ea21.node.tro.node-is.green",
      "port": 44762,
      "id": "3e9ba404-ddee-495c-b465-944b9f0b104a",
      "alterId": 0,
      "security": "",
      "network": "tcp",
      "remarks": "🇨🇳 台湾BGP 中转 02 1.5x",
      "headerType": "none",
      "requestHost": "",
      "path": "",
      "streamSecurity": "tls",
      "allowInsecure": "True",
      "configType": 6,
      "testResult": "",
      "subid": "5194518840089628397",
      "flow": "",
      "sni": "www-s.ucloud.cn",
      "alpn": []
    },
    {
      "indexId": "4630307639522285258",
      "configVersion": 2,
      "address": "3a2462d5b0051c93329092da8d00ea45.node.tro.node-is.green",
      "port": 48351,
      "id": "3e9ba404-ddee-495c-b465-944b9f0b104a",
      "alterId": 0,
      "security": "",
      "network": "tcp",
      "remarks": "🇯🇵 日本BGP 中转 01 1.5x",
      "headerType": "none",
      "requestHost": "",
      "path": "",
      "streamSecurity": "tls",
      "allowInsecure": "True",
      "configType": 6,
      "testResult": "",
      "subid": "5194518840089628397",
      "flow": "",
      "sni": "passport.ucloud.cn",
      "alpn": []
    },
    {
      "indexId": "4779043576830494965",
      "configVersion": 2,
      "address": "087142b37544c8c2c5008dd1f055569d.node.tro.node-is.green",
      "port": 44308,
      "id": "3e9ba404-ddee-495c-b465-944b9f0b104a",
      "alterId": 0,
      "security": "",
      "network": "tcp",
      "remarks": "🇯🇵 日本BGP 中转 02 1.5x",
      "headerType": "none",
      "requestHost": "",
      "path": "",
      "streamSecurity": "tls",
      "allowInsecure": "True",
      "configType": 6,
      "testResult": "",
      "subid": "5194518840089628397",
      "flow": "",
      "sni": "passport.ucloud.cn",
      "alpn": []
    },
    {
      "indexId": "5063193333408736894",
      "configVersion": 2,
      "address": "b0426501185fbd03eb0c0bc3296ebb0f.node.tro.node-is.green",
      "port": 48669,
      "id": "3e9ba404-ddee-495c-b465-944b9f0b104a",
      "alterId": 0,
      "security": "",
      "network": "tcp",
      "remarks": "🇸🇬 新加坡BGP 中转 01 1.5x",
      "headerType": "none",
      "requestHost": "",
      "path": "",
      "streamSecurity": "tls",
      "allowInsecure": "True",
      "configType": 6,
      "testResult": "",
      "subid": "5194518840089628397",
      "flow": "",
      "sni": "www.ucloud.cn",
      "alpn": []
    },
    {
      "indexId": "4886900246942583039",
      "configVersion": 2,
      "address": "d00a3dcde80973d483bb54cd35066145.node.tro.node-is.green",
      "port": 49938,
      "id": "3e9ba404-ddee-495c-b465-944b9f0b104a",
      "alterId": 0,
      "security": "",
      "network": "tcp",
      "remarks": "🇸🇬 新加坡BGP 中转 02 1.5x",
      "headerType": "none",
      "requestHost": "",
      "path": "",
      "streamSecurity": "tls",
      "allowInsecure": "True",
      "configType": 6,
      "testResult": "",
      "subid": "5194518840089628397",
      "flow": "",
      "sni": "www.ucloud.cn",
      "alpn": []
    },
    {
      "indexId": "5758112550134065035",
      "configVersion": 2,
      "address": "9b0843ffc188be03a296f5895335b7e7.node.tro.node-is.green",
      "port": 48078,
      "id": "3e9ba404-ddee-495c-b465-944b9f0b104a",
      "alterId": 0,
      "security": "",
      "network": "tcp",
      "remarks": "🇭🇰香港BGP 中转 01 1.5x",
      "headerType": "none",
      "requestHost": "",
      "path": "",
      "streamSecurity": "tls",
      "allowInsecure": "True",
      "configType": 6,
      "testResult": "",
      "subid": "5194518840089628397",
      "flow": "",
      "sni": "console.ucloud.cn",
      "alpn": []
    },
    {
      "indexId": "4692047668683874778",
      "configVersion": 2,
      "address": "2c3c99de8099bb75e30c4c2f4953bcc6.node.tro.node-is.green",
      "port": 48842,
      "id": "3e9ba404-ddee-495c-b465-944b9f0b104a",
      "alterId": 0,
      "security": "",
      "network": "tcp",
      "remarks": "🇭🇰香港BGP 中转 02 1.5x",
      "headerType": "none",
      "requestHost": "",
      "path": "",
      "streamSecurity": "tls",
      "allowInsecure": "True",
      "configType": 6,
      "testResult": "",
      "subid": "5194518840089628397",
      "flow": "",
      "sni": "console.ucloud.cn",
      "alpn": []
    },
    {
      "indexId": "5654004475044211065",
      "configVersion": 2,
      "address": "2f9c8f2e5775593ccef258ae6250b80c.node.tro.node-is.green",
      "port": 45035,
      "id": "3e9ba404-ddee-495c-b465-944b9f0b104a",
      "alterId": 0,
      "security": "",
      "network": "tcp",
      "remarks": "🇭🇰香港BGP 中转 03 1.5x",
      "headerType": "none",
      "requestHost": "",
      "path": "",
      "streamSecurity": "tls",
      "allowInsecure": "True",
      "configType": 6,
      "testResult": "",
      "subid": "5194518840089628397",
      "flow": "",
      "sni": "console.ucloud.cn",
      "alpn": []
    },
    {
      "indexId": "5727404577851143341",
      "configVersion": 2,
      "address": "6392670f9db2657d2d18da8221abaa09.node.tro.node-is.green",
      "port": 42527,
      "id": "3e9ba404-ddee-495c-b465-944b9f0b104a",
      "alterId": 0,
      "security": "",
      "network": "tcp",
      "remarks": "🇭🇰香港BGP 中转 04 1.5x",
      "headerType": "none",
      "requestHost": "",
      "path": "",
      "streamSecurity": "tls",
      "allowInsecure": "True",
      "configType": 6,
      "testResult": "",
      "subid": "5194518840089628397",
      "flow": "",
      "sni": "console.ucloud.cn",
      "alpn": []
    }
  ],
  "kcpItem": {
    "mtu": 1350,
    "tti": 50,
    "uplinkCapacity": 12,
    "downlinkCapacity": 100,
    "congestion": false,
    "readBufferSize": 2,
    "writeBufferSize": 2
  },
  "subItem": [
    {
      "id": "5194518840089628397",
      "remarks": "remarks",
      "url": "https://lianjiaurl.top/api/v1/client/subscribe?token=5f8861ec0cfd23fe3b56137a3b911831",
      "enabled": true,
      "userAgent": ""
    }
  ],
  "uiItem": {
    "enableAutoAdjustMainLvColWidth": true,
    "mainSize": "968, 632",
    "mainLvColWidth": {
      "def": 27,
      "configType": 78,
      "remarks": 180,
      "address": 342,
      "port": 47,
      "security": 78,
      "network": 60,
      "streamSecurity": 72,
      "subRemarks": 54,
      "testResult": 68,
      "todayDown": 68,
      "todayUp": 61,
      "totalDown": 54,
      "totalUp": 68
    }
  },
  "routings": [
    {
      "remarks": "绕过大陆(Whitelist)",
      "url": "",
      "rules": [
        {
          "type": null,
          "port": null,
          "inboundTag": [],
          "outboundTag": "direct",
          "ip": null,
          "domain": [
            "domain:windowsupdate.com",
            "domain:microsoft.com",
            "domain:windows.com"
          ],
          "protocol": null,
          "enabled": true
        },
        {
          "type": null,
          "port": null,
          "inboundTag": null,
          "outboundTag": "block",
          "ip": null,
          "domain": [
            "geosite:category-ads-all"
          ],
          "protocol": null,
          "enabled": true
        },
        {
          "type": null,
          "port": null,
          "inboundTag": null,
          "outboundTag": "direct",
          "ip": null,
          "domain": [
            "geosite:cn"
          ],
          "protocol": null,
          "enabled": true
        },
        {
          "type": null,
          "port": null,
          "inboundTag": null,
          "outboundTag": "direct",
          "ip": [
            "geoip:private",
            "geoip:cn"
          ],
          "domain": null,
          "protocol": null,
          "enabled": true
        },
        {
          "type": null,
          "port": "0-65535",
          "inboundTag": null,
          "outboundTag": "proxy",
          "ip": null,
          "domain": null,
          "protocol": null,
          "enabled": true
        }
      ],
      "enabled": true,
      "locked": false,
      "customIcon": ""
    },
    {
      "remarks": "黑名单(Blacklist)",
      "url": "",
      "rules": [
        {
          "type": null,
          "port": null,
          "inboundTag": null,
          "outboundTag": "direct",
          "ip": null,
          "domain": null,
          "protocol": [
            "bittorrent"
          ],
          "enabled": true
        },
        {
          "type": null,
          "port": null,
          "inboundTag": null,
          "outboundTag": "block",
          "ip": null,
          "domain": [
            "geosite:category-ads-all"
          ],
          "protocol": null,
          "enabled": true
        },
        {
          "type": null,
          "port": null,
          "inboundTag": null,
          "outboundTag": "proxy",
          "ip": [
            "geoip:telegram"
          ],
          "domain": [
            "geosite:gfw",
            "geosite:greatfire",
            "geosite:tld-!cn"
          ],
          "protocol": null,
          "enabled": true
        },
        {
          "type": null,
          "port": "0-65535",
          "inboundTag": null,
          "outboundTag": "direct",
          "ip": null,
          "domain": null,
          "protocol": null,
          "enabled": true
        }
      ],
      "enabled": true,
      "locked": false,
      "customIcon": null
    },
    {
      "remarks": "全局(Global)",
      "url": "",
      "rules": [
        {
          "type": null,
          "port": "0-65535",
          "inboundTag": null,
          "outboundTag": "proxy",
          "ip": null,
          "domain": null,
          "protocol": null,
          "enabled": true
        }
      ],
      "enabled": true,
      "locked": false,
      "customIcon": null
    },
    {
      "remarks": "locked",
      "url": "",
      "rules": [
        {
          "type": null,
          "port": null,
          "inboundTag": null,
          "outboundTag": "proxy",
          "ip": [],
          "domain": [
            "geosite:google"
          ],
          "protocol": null,
          "enabled": true
        },
        {
          "type": null,
          "port": null,
          "inboundTag": null,
          "outboundTag": "direct",
          "ip": [],
          "domain": [
            "domain:example-example.com",
            "domain:example-example2.com"
          ],
          "protocol": null,
          "enabled": true
        },
        {
          "type": null,
          "port": null,
          "inboundTag": null,
          "outboundTag": "block",
          "ip": [],
          "domain": [
            "geosite:category-ads-all"
          ],
          "protocol": null,
          "enabled": true
        }
      ],
      "enabled": true,
      "locked": true,
      "customIcon": null
    }
  ],
  "constItem": {
    "speedTestUrl": "http://cachefly.cachefly.net/10mb.test",
    "speedPingTestUrl": "https://www.google.com/generate_204",
    "defIEProxyExceptions": "localhost;127.*;10.*;172.16.*;172.17.*;172.18.*;172.19.*;172.20.*;172.21.*;172.22.*;172.23.*;172.24.*;172.25.*;172.26.*;172.27.*;172.28.*;172.29.*;172.30.*;172.31.*;192.168.*"
  }
}