{
  "server": [
    {
      "itemId": "ZWMueG1ydGhub2RlLmNvbTQyMzAwMTAuNS45Ni4zL3Ro",
      "totalUp": 0,
      "totalDown": 0,
      "todayUp": 0,
      "todayDown": 0,
      "dateNow": 638666208000000000
    },
    {
      "itemId": "eGgwMTMueG1ydGhub2RlLmNvbTQ0M3dzLWFpY2RuLmNvbS9pbmRleA==",
      "totalUp": 0,
      "totalDown": 0,
      "todayUp": 0,
      "todayDown": 0,
      "dateNow": 638666208000000000
    },
    {
      "itemId": "cmFiYml0cHJvLXN1YnNjcmlwdGlvbi5jb20xMDA4Ng==",
      "totalUp": 0,
      "totalDown": 0,
      "todayUp": 0,
      "todayDown": 0,
      "dateNow": 638666208000000000
    },
    {
      "itemId": "Y2NjLXYyLTAyLnJhYmJpdHByby1pbi0xLmNvbTI4MDAydjItMDIucmFiYml0cHJvLW91dC5jb20vaGxz",
      "totalUp": 0,
      "totalDown": 0,
      "todayUp": 0,
      "todayDown": 0,
      "dateNow": 638666208000000000
    },
    {
      "itemId": "Y2NjLXYzLTAyLnJhYmJpdHByby1pbi0xLmNvbTI5MDAy",
      "totalUp": 0,
      "totalDown": 0,
      "todayUp": 0,
      "todayDown": 0,
      "dateNow": 638666208000000000
    },
    {
      "itemId": "dGhlcmFiYml0cHJvc3Vic2NyaXB0aW9uLmNvbTEwMDg2",
      "totalUp": 0,
      "totalDown": 0,
      "todayUp": 0,
      "todayDown": 0,
      "dateNow": 638666208000000000
    },
    {
      "itemId": "Y2NjLXYzLTAzLnJhYmJpdHByby1pbi0xLmNvbTI5MDAz",
      "totalUp": 0,
      "totalDown": 0,
      "todayUp": 0,
      "todayDown": 0,
      "dateNow": 638666208000000000
    },
    {
      "itemId": "",
      "totalUp": 198232,
      "totalDown": 12578,
      "todayUp": 0,
      "todayDown": 0,
      "dateNow": 638666208000000000
    },
    {
      "itemId": "Y2NjLXYzLTAxLnJhYmJpdHByby1pbi0xLmNvbTI5MDAxY2NjLXYzLTAxLnJhYmJpdHByby1pbi0xLmNvbS8=",
      "totalUp": 0,
      "totalDown": 0,
      "todayUp": 0,
      "todayDown": 0,
      "dateNow": 638666208000000000
    },
    {
      "itemId": "Y2NjLXYzLTAzLnJhYmJpdHByby1pbi0xLmNvbTI5MDAzY2NjLXYzLTAzLnJhYmJpdHByby1pbi0xLmNvbS8=",
      "totalUp": 0,
      "totalDown": 0,
      "todayUp": 0,
      "todayDown": 0,
      "dateNow": 638666208000000000
    },
    {
      "itemId": "Y2NjLXYzLTAyLnJhYmJpdHByby1pbi0xLmNvbTI5MDAyY2NjLXYzLTAyLnJhYmJpdHByby1pbi0xLmNvbS8=",
      "totalUp": 0,
      "totalDown": 0,
      "todayUp": 0,
      "todayDown": 0,
      "dateNow": 638666208000000000
    },
    {
      "itemId": "cmVsYXkuaGsuYS5zZmNhdC5saW5rNTI4NDA=",
      "totalUp": 0,
      "totalDown": 0,
      "todayUp": 0,
      "todayDown": 0,
      "dateNow": 638666208000000000
    },
    {
      "itemId": "cmVsYXkuaGsuYS5zZmNhdC5saW5rMjYxMzQ=",
      "totalUp": 0,
      "totalDown": 0,
      "todayUp": 0,
      "todayDown": 0,
      "dateNow": 638666208000000000
    },
    {
      "itemId": "Y2NjLXYzLTA0LnJhYmJpdHByby1pbi0xLmNvbTI5MDA0",
      "totalUp": 0,
      "totalDown": 0,
      "todayUp": 0,
      "todayDown": 0,
      "dateNow": 638666208000000000
    },
    {
      "itemId": "Y2NjLXYzLTA1LnJhYmJpdHByby1pbi0xLmNvbTI5MDA1",
      "totalUp": 0,
      "totalDown": 0,
      "todayUp": 0,
      "todayDown": 0,
      "dateNow": 638666208000000000
    },
    {
      "itemId": "Y2NjLXYzLTA2LnJhYmJpdHByby1pbi0xLmNvbTI5MDA2",
      "totalUp": 0,
      "totalDown": 0,
      "todayUp": 0,
      "todayDown": 0,
      "dateNow": 638666208000000000
    },
    {
      "itemId": "Y2NjLXYzLTA3LnJhYmJpdHByby1pbi0xLmNvbTI5MDA3",
      "totalUp": 0,
      "totalDown": 0,
      "todayUp": 0,
      "todayDown": 0,
      "dateNow": 638666208000000000
    },
    {
      "itemId": "Y2NjLXYyLTA5LnJhYmJpdHByby1pbi0xLmNvbTI4MDA5djItMDkucmFiYml0cHJvLW91dC5jb20vaGxz",
      "totalUp": 0,
      "totalDown": 0,
      "todayUp": 0,
      "todayDown": 0,
      "dateNow": 638666208000000000
    },
    {
      "itemId": "Y2NjLXYzLTEwLnJhYmJpdHByby1pbi0xLmNvbTI5MDEw",
      "totalUp": 0,
      "totalDown": 0,
      "todayUp": 0,
      "todayDown": 0,
      "dateNow": 638666208000000000
    },
    {
      "itemId": "Y2NjLXYyLTEyLnJhYmJpdHByby1pbi0xLmNvbTI4MDEydjItMTIucmFiYml0cHJvLW91dC5jb20vaGxz",
      "totalUp": 0,
      "totalDown": 0,
      "todayUp": 0,
      "todayDown": 0,
      "dateNow": 638666208000000000
    },
    {
      "itemId": "Y2NjLXYzLTAxLnJhYmJpdHByby1pbi0xLmNvbTI5MDAx",
      "totalUp": 0,
      "totalDown": 0,
      "todayUp": 0,
      "todayDown": 0,
      "dateNow": 638666208000000000
    },
    {
      "itemId": "Y2NjLXYyLTAxLnJhYmJpdHByby1pbi0xLmNvbTI4MDAxdjItMDEucmFiYml0cHJvLW91dC5jb20vaGxz",
      "totalUp": 0,
      "totalDown": 0,
      "todayUp": 0,
      "todayDown": 0,
      "dateNow": 638666208000000000
    },
    {
      "itemId": "Y2NjLTAxLnJhYmJpdHByby1pbi0yLmNvbTI3MDAxdjEtMDEucmFiYml0cHJvLW91dC5jb20vaGxz",
      "totalUp": 0,
      "totalDown": 0,
      "todayUp": 0,
      "todayDown": 0,
      "dateNow": 638666208000000000
    },
    {
      "itemId": "Y2NjLTE5LnJhYmJpdHByby1pbi0zLmNvbTI3MDE5djEtMTkucmFiYml0cHJvLW91dC5jb20vaGxz",
      "totalUp": 0,
      "totalDown": 0,
      "todayUp": 0,
      "todayDown": 0,
      "dateNow": 638666208000000000
    },
    {
      "itemId": "Y2NjLXYyLTExLnJhYmJpdHByby1pbi0xLmNvbTI4MDExdjItMTEucmFiYml0cHJvLW91dC5jb20vaGxz",
      "totalUp": 66695,
      "totalDown": 0,
      "todayUp": 0,
      "todayDown": 0,
      "dateNow": 638666208000000000
    },
    {
      "itemId": "bGFmLWdkNS52aXAuY2RuLmxhZnNlbC54eXo0MzQwMWxhLmZhLTUuaGsubGFmc2VsLnh5ei9sYW5mYW4xLnZpcC5tM3U4",
      "totalUp": 14579,
      "totalDown": 31759,
      "todayUp": 0,
      "todayDown": 0,
      "dateNow": 638666208000000000
    },
    {
      "itemId": "dXMubGlhbmppYW5vZGUuY2MyMTAwMXVzMS5sdW9kaS54eXovdXNh",
      "totalUp": 10528,
      "totalDown": 25129,
      "todayUp": 0,
      "todayDown": 0,
      "dateNow": 638666208000000000
    },
    {
      "itemId": "dXMubGlhbmppYW5vZGUuY2MyMTAwMHVzMS5sdW9kaS54eXovdXNh",
      "totalUp": 3020,
      "totalDown": 14505,
      "todayUp": 0,
      "todayDown": 0,
      "dateNow": 638666208000000000
    },
    {
      "itemId": "anAubGlhbmppYW5vZGUuY2MyMTAxMGpwMS5sdW9kaS54eXovamFwYW4=",
      "totalUp": 54752,
      "totalDown": 0,
      "todayUp": 0,
      "todayDown": 0,
      "dateNow": 638666208000000000
    },
    {
      "itemId": "aGsubGlhbmppYW5vZGUuY2MyMTAzMGhrMS5sdW9kaS54eXovaG9uZ2tvbmc=",
      "totalUp": 693150814,
      "totalDown": 637022368,
      "todayUp": 0,
      "todayDown": 0,
      "dateNow": 638666208000000000
    },
    {
      "itemId": "aGsubGlhbmppYW5vZGUuY2MyMTAzMWhrMS5sdW9kaS54eXovaG9uZ2tvbmc=",
      "totalUp": 416072954,
      "totalDown": 955689465,
      "todayUp": 0,
      "todayDown": 0,
      "dateNow": 638666208000000000
    },
    {
      "itemId": "aGsubGlhbmppYW5vZGUuY2MyMTAzMmhrMS5sdW9kaS54eXovaG9uZ2tvbmc=",
      "totalUp": 31578500,
      "totalDown": 259753444,
      "todayUp": 0,
      "todayDown": 0,
      "dateNow": 638666208000000000
    },
    {
      "itemId": "aGsubGlhbmppYW5vZGUuY2MyMTAzM2hrMS5sdW9kaS54eXovaG9uZ2tvbmc=",
      "totalUp": 122344,
      "totalDown": 0,
      "todayUp": 0,
      "todayDown": 0,
      "dateNow": 638666208000000000
    },
    {
      "itemId": "c2cubGlhbmppYW5vZGUuY2MyMTAyMHNnMS5sdW9kaS54eXovc2luZ2Fwb3Jl",
      "totalUp": 91547,
      "totalDown": 23162,
      "todayUp": 0,
      "todayDown": 0,
      "dateNow": 638666208000000000
    },
    {
      "itemId": "c2cubGlhbmppYW5vZGUuY2MyMTAyMXNnMS5sdW9kaS54eXovc2luZ2Fwb3Jl",
      "totalUp": 0,
      "totalDown": 0,
      "todayUp": 0,
      "todayDown": 0,
      "dateNow": 638666208000000000
    },
    {
      "itemId": "MTA4LjE3NC41OC4xMDI1MTQ2OC81YzA5Yzc3ZQ==",
      "totalUp": 260197608,
      "totalDown": 1833070544,
      "todayUp": 0,
      "todayDown": 0,
      "dateNow": 638666208000000000
    },
    {
      "itemId": "anAubGlhbmppYW5vZGUuY2MyMTAxMmpwMS5sdW9kaS54eXovamFwYW4=",
      "totalUp": 88960,
      "totalDown": 9206,
      "todayUp": 0,
      "todayDown": 0,
      "dateNow": 638666208000000000
    },
    {
      "itemId": "dHcubGlhbmppYW5vZGUuY2MyMTAwNGhpbmV0Lmx1b2RpLnh5ei9oaW5ldA==",
      "totalUp": 0,
      "totalDown": 0,
      "todayUp": 0,
      "todayDown": 0,
      "dateNow": 638666208000000000
    },
    {
      "itemId": "Y2EubGlhbmppYW5vZGUuY2MyMTAzNGhrMS5sdW9kaS54eXovaG9uZ2tvbmc=",
      "totalUp": 9364,
      "totalDown": 0,
      "todayUp": 0,
      "todayDown": 0,
      "dateNow": 638666208000000000
    },
    {
      "itemId": "aGsubGlhbmppYWppY2hhbmcubG9sMjQwMTE=",
      "totalUp": 183995088,
      "totalDown": 1546325205,
      "todayUp": 0,
      "todayDown": 0,
      "dateNow": 638666208000000000
    },
    {
      "itemId": "aGsubGlhbmppYWppY2hhbmcubG9sMjQwMTI=",
      "totalUp": 484109,
      "totalDown": 2193080,
      "todayUp": 0,
      "todayDown": 0,
      "dateNow": 638666208000000000
    },
    {
      "itemId": "NTUxNmRiOTQwMjlmZTMxYWJjNWEwY2UyZGYyNTFjYWEubm9kZS50cm8ubm9kZS1pcy5ncmVlbjQyNTQ5",
      "totalUp": 7802561,
      "totalDown": 302941488,
      "todayUp": 0,
      "todayDown": 0,
      "dateNow": 638666208000000000
    },
    {
      "itemId": "Y2YyMzM4N2Q0ZjYzMThkODYwOTNhMzc4NDY0ZWZiM2Mubm9kZS50cm8ubm9kZS1pcy5ncmVlbjQ5MDgz",
      "totalUp": 561347,
      "totalDown": 13925739,
      "todayUp": 0,
      "todayDown": 0,
      "dateNow": 638666208000000000
    },
    {
      "itemId": "MzYuMTU4LjIwNi4xMzkyNTAwMA==",
      "totalUp": 40172530,
      "totalDown": 1671050139,
      "todayUp": 0,
      "todayDown": 0,
      "dateNow": 638666208000000000
    }
  ]
}